{"cameraMode":{"drawMode":0,"name":"Shaded","section":"Shading Mode"},"sceneLighting":false,"audioPlay":false,"sceneViewState":{"showFog":true,"showMaterialUpdate":false,"showSkybox":false,"showFlares":true,"showImageEffects":true,"showParticleSystems":true},"in2DMode":false,"pivot":{"x":9.042587280273438,"y":0.6220039129257202,"z":10.555679321289063},"rotation":{"x":-0.26268908381462099,"y":-0.014218034222722054,"z":0.003732031211256981,"w":-0.9648688435554504},"size":6.307010650634766,"orthographic":false}