{"cameraMode":{"drawMode":0,"name":"Shaded","section":"Shading Mode"},"sceneLighting":true,"audioPlay":false,"sceneViewState":{"showFog":true,"showMaterialUpdate":false,"showSkybox":true,"showFlares":true,"showImageEffects":true,"showParticleSystems":true},"in2DMode":false,"pivot":{"x":1145.1422119140625,"y":136.0687255859375,"z":-31.162553787231447},"rotation":{"x":0.11273439973592758,"y":-0.257721871137619,"z":0.030291913077235223,"w":0.9591418504714966},"size":237.1708221435547,"orthographic":false}